{
  "total_notes": 892,
  "total_duration_ms": 56666,
  "total_duration_sec": 56.666,
  "nps": 15.74136166307839,
  "start_time": 1430,
  "end_time": 58096,
  "hold_notes_count": 138,
  "hold_notes_percentage": 15.47085201793722,
  "mean_hold_duration": 378.0217391304348,
  "column_distribution": {
    "0": 129,
    "6": 125,
    "4": 135,
    "2": 131,
    "1": 132,
    "3": 112,
    "5": 128
  },
  "column_balance": {
    "0": 14.461883408071749,
    "1": 14.798206278026907,
    "2": 14.686098654708521,
    "3": 12.556053811659194,
    "4": 15.134529147982063,
    "5": 14.349775784753364,
    "6": 14.013452914798204
  },
  "column_balance_std": 0.7786832659284573,
  "interval_stats": {
    "mean": 63.59820426487093,
    "median": 0.0,
    "std": 91.61454996655519,
    "min": 0,
    "max": 833
  },
  "intervals": [
    0,
    166,
    167,
    166,
    167,
    0,
    167,
    166,
    167,
    167,
    0,
    166,
    334,
    166,
    167,
    167,
    166,
    125,
    42,
    0,
    0,
    667,
    0,
    166,
    167,
    167,
    166,
    28,
    0,
    0,
    306,
    166,
    0,
    167,
    167,
    0,
    166,
    0,
    167,
    0,
    167,
    0,
    0,
    0,
    333,
    167,
    166,
    0,
    0,
    0,
    334,
    166,
    0,
    167,
    0,
    0,
    167,
    166,
    167,
    0,
    167,
    0,
    0,
    0,
    166,
    167,
    167,
    166,
    0,
    0,
    0,
    334,
    166,
    167,
    167,
    166,
    167,
    167,
    0,
    166,
    0,
    84,
    0,
    83,
    0,
    83,
    84,
    0,
    111,
    0,
    55,
    0,
    0,
    0,
    167,
    0,
    0,
    0,
    500,
    0,
    0,
    0,
    167,
    166,
    0,
    167,
    0,
    83,
    84,
    83,
    83,
    0,
    0,
    167,
    83,
    84,
    0,
    0,
    125,
    41,
    0,
    84,
    83,
    0,
    83,
    84,
    0,
    0,
    83,
    83,
    0,
    84,
    83,
    0,
    0,
    167,
    0,
    0,
    83,
    83,
    0,
    0,
    84,
    83,
    0,
    83,
    84,
    0,
    0,
    166,
    167,
    0,
    0,
    167,
    0,
    0,
    0,
    333,
    0,
    0,
    0,
    333,
    0,
    0,
    0,
    167,
    83,
    84,
    0,
    0,
    166,
    0,
    0,
    0,
    167,
    83,
    84,
    0,
    0,
    166,
    0,
    0,
    84,
    83,
    0,
    0,
    0,
    83,
    84,
    0,
    83,
    83,
    0,
    0,
    0,
    167,
    167,
    0,
    0,
    166,
    0,
    84,
    83,
    83,
    84,
    0,
    0,
    166,
    84,
    0,
    83,
    0,
    0,
    167,
    0,
    83,
    83,
    0,
    84,
    83,
    0,
    83,
    84,
    0,
    83,
    83,
    0,
    0,
    167,
    0,
    83,
    84,
    0,
    83,
    0,
    83,
    0,
    84,
    0,
    83,
    0,
    0,
    167,
    166,
    0,
    167,
    0,
    83,
    84,
    83,
    83,
    0,
    167,
    83,
    84,
    0,
    0,
    83,
    83,
    0,
    84,
    83,
    0,
    0,
    167,
    0,
    0,
    166,
    0,
    0,
    167,
    0,
    0,
    83,
    0,
    0,
    84,
    0,
    0,
    83,
    0,
    0,
    83,
    0,
    0,
    84,
    0,
    0,
    83,
    0,
    0,
    83,
    0,
    0,
    84,
    0,
    0,
    0,
    166,
    0,
    167,
    0,
    0,
    167,
    0,
    0,
    0,
    166,
    0,
    167,
    0,
    167,
    0,
    166,
    0,
    0,
    0,
    167,
    0,
    167,
    0,
    166,
    0,
    0,
    0,
    167,
    0,
    167,
    0,
    0,
    0,
    166,
    0,
    167,
    0,
    0,
    0,
    167,
    0,
    166,
    0,
    0,
    0,
    167,
    0,
    167,
    0,
    166,
    0,
    0,
    0,
    167,
    0,
    167,
    0,
    166,
    0,
    167,
    0,
    0,
    0,
    167,
    0,
    166,
    0,
    167,
    0,
    0,
    0,
    167,
    0,
    166,
    0,
    0,
    0,
    167,
    0,
    0,
    83,
    0,
    0,
    84,
    0,
    0,
    83,
    0,
    0,
    83,
    0,
    0,
    84,
    0,
    0,
    83,
    0,
    0,
    0,
    500,
    167,
    500,
    166,
    0,
    500,
    0,
    167,
    0,
    0,
    0,
    250,
    250,
    167,
    0,
    0,
    166,
    0,
    0,
    167,
    0,
    0,
    167,
    0,
    0,
    166,
    0,
    0,
    84,
    83,
    0,
    0,
    83,
    0,
    84,
    0,
    83,
    0,
    83,
    0,
    0,
    84,
    83,
    0,
    0,
    167,
    0,
    83,
    0,
    83,
    0,
    167,
    83,
    84,
    0,
    0,
    0,
    166,
    0,
    0,
    0,
    167,
    167,
    0,
    166,
    0,
    0,
    0,
    167,
    167,
    0,
    166,
    0,
    84,
    83,
    83,
    84,
    0,
    0,
    166,
    84,
    83,
    0,
    0,
    125,
    42,
    0,
    83,
    83,
    0,
    84,
    83,
    0,
    0,
    83,
    84,
    0,
    83,
    83,
    0,
    0,
    167,
    0,
    0,
    83,
    84,
    0,
    0,
    83,
    83,
    0,
    84,
    83,
    0,
    0,
    167,
    166,
    0,
    0,
    167,
    0,
    0,
    83,
    84,
    83,
    83,
    0,
    0,
    167,
    83,
    84,
    0,
    0,
    83,
    83,
    84,
    83,
    0,
    167,
    0,
    0,
    83,
    83,
    0,
    84,
    83,
    0,
    0,
    83,
    84,
    0,
    83,
    0,
    83,
    84,
    83,
    0,
    0,
    83,
    84,
    0,
    0,
    83,
    83,
    84,
    83,
    0,
    0,
    0,
    167,
    0,
    166,
    84,
    83,
    0,
    0,
    83,
    84,
    83,
    83,
    0,
    84,
    83,
    0,
    0,
    0,
    0,
    167,
    0,
    83,
    0,
    83,
    0,
    167,
    0,
    83,
    84,
    0,
    0,
    166,
    84,
    0,
    83,
    0,
    0,
    83,
    84,
    0,
    0,
    83,
    83,
    0,
    84,
    83,
    0,
    83,
    0,
    84,
    0,
    83,
    83,
    0,
    0,
    84,
    83,
    0,
    83,
    0,
    84,
    0,
    83,
    83,
    0,
    84,
    83,
    0,
    0,
    167,
    0,
    0,
    41,
    42,
    42,
    41,
    42,
    42,
    41,
    42,
    0,
    0,
    167,
    0,
    83,
    83,
    0,
    84,
    83,
    0,
    0,
    0,
    83,
    0,
    0,
    84,
    0,
    0,
    0,
    83,
    0,
    0,
    83,
    0,
    0,
    0,
    84,
    0,
    0,
    83,
    0,
    0,
    0,
    167,
    166,
    0,
    167,
    0,
    83,
    84,
    83,
    83,
    0,
    0,
    167,
    83,
    84,
    0,
    0,
    125,
    41,
    0,
    84,
    83,
    0,
    83,
    84,
    0,
    0,
    83,
    83,
    0,
    84,
    83,
    0,
    0,
    167,
    0,
    0,
    83,
    83,
    0,
    0,
    84,
    83,
    0,
    83,
    84,
    0,
    0,
    166,
    167,
    0,
    0,
    167,
    0,
    0,
    0,
    333,
    0,
    0,
    0,
    333,
    0,
    0,
    0,
    167,
    83,
    84,
    0,
    0,
    166,
    0,
    0,
    0,
    167,
    83,
    84,
    0,
    0,
    166,
    0,
    0,
    84,
    83,
    0,
    0,
    0,
    83,
    84,
    0,
    83,
    83,
    0,
    0,
    0,
    500,
    167,
    0,
    0,
    0,
    250,
    0,
    250,
    0,
    167,
    0,
    0,
    500,
    166,
    0,
    0,
    0,
    250,
    0,
    250,
    0,
    167,
    0,
    0,
    0,
    167,
    0,
    166,
    0,
    0,
    0,
    167,
    0,
    83,
    0,
    84,
    0,
    0,
    166,
    0,
    84,
    83,
    0,
    0,
    83,
    0,
    84,
    0,
    166,
    0,
    0,
    0,
    167,
    0,
    0,
    167,
    0,
    0,
    166,
    0,
    0,
    167,
    0,
    0,
    0,
    83,
    0,
    0,
    84,
    0,
    0,
    0,
    83,
    0,
    0,
    83,
    0,
    0,
    0,
    84,
    0,
    0,
    83,
    0,
    0,
    0,
    83,
    0,
    0,
    84,
    0,
    0,
    0,
    833,
    500,
    667,
    0,
    0,
    83,
    83,
    0,
    84,
    0,
    83,
    0,
    0,
    0,
    83,
    84,
    0,
    0,
    83,
    0,
    0,
    83,
    0,
    0,
    0,
    667,
    0
  ]
}